Age,Attrition,Department,EmployeeCount,EmployeeNumber,Gender,JobRole,JobSatisfaction,MonthlyIncome,PerformanceRating,TotalWorkingYears,TrainingTimesLastYear,WorkLifeBalance,YearsAtCompany,YearsSinceLastPromotion
41,Yes,Sales,1,1,Female,Sales Executive,4,5993,3,8,0,1,6,0
49,No,Research & Development,1,2,Male,Research Scientist,2,5130,4,10,3,3,10,1
37,Yes,Research & Development,1,4,Male,Laboratory Technician,3,2090,3,7,3,3,0,0
33,No,Research & Development,1,5,Female,Research Scientist,3,2909,3,8,3,3,8,3
27,No,Research & Development,1,7,Male,Laboratory Technician,2,3468,3,6,3,3,2,2
32,No,Research & Development,1,8,Male,Laboratory Technician,4,3068,3,8,2,2,7,3
59,No,Research & Development,1,10,Female,Laboratory Technician,1,2670,4,12,3,2,1,0
30,No,Research & Development,1,11,Male,Laboratory Technician,3,2693,4,1,2,3,1,0
38,No,Research & Development,1,12,Male,Manufacturing Director,3,9526,4,10,2,3,9,1
36,No,Research & Development,1,13,Male,Healthcare Representative,3,5237,3,17,3,2,7,7
35,No,Research & Development,1,14,Male,Laboratory Technician,2,2426,3,6,5,3,5,0
29,No,Research & Development,1,15,Female,Laboratory Technician,3,4193,3,10,3,3,9,0
31,No,Research & Development,1,16,Male,Research Scientist,3,2911,3,5,1,2,5,4
34,No,Research & Development,1,18,Male,Laboratory Technician,4,2661,3,3,2,3,2,1
28,Yes,Research & Development,1,19,Male,Laboratory Technician,3,2028,3,6,4,3,4,0
29,No,Research & Development,1,20,Female,Manufacturing Director,1,9980,3,10,1,3,10,8
32,No,Research & Development,1,21,Male,Research Scientist,2,3298,3,7,5,2,6,0
22,No,Research & Development,1,22,Male,Laboratory Technician,4,2935,3,1,2,2,1,0
53,No,Sales,1,23,Female,Manager,4,15427,3,31,3,3,25,3
38,No,Research & Development,1,24,Male,Research Scientist,4,3944,3,6,3,3,3,1
24,No,Research & Development,1,26,Female,Manufacturing Director,3,4011,3,5,5,2,4,1
36,Yes,Sales,1,27,Male,Sales Representative,1,3407,4,10,4,3,5,0
34,No,Research & Development,1,28,Female,Research Director,2,11994,3,13,4,3,12,2
21,No,Research & Development,1,30,Male,Research Scientist,4,1232,3,0,6,3,0,0
34,Yes,Research & Development,1,31,Male,Research Scientist,1,2960,3,8,2,3,4,1
53,No,Research & Development,1,32,Female,Manager,3,19094,3,26,3,2,14,4
32,Yes,Research & Development,1,33,Female,Research Scientist,1,3919,4,10,5,3,10,6
42,No,Sales,1,35,Male,Sales Executive,2,6825,3,10,2,3,9,4
44,No,Research & Development,1,36,Female,Healthcare Representative,4,10248,3,24,4,3,22,5
46,No,Sales,1,38,Female,Manager,1,18947,3,22,2,2,2,2
33,No,Research & Development,1,39,Male,Laboratory Technician,4,2496,3,7,3,3,1,0
44,No,Research & Development,1,40,Male,Healthcare Representative,4,6465,3,9,5,4,4,1
30,No,Research & Development,1,41,Male,Laboratory Technician,3,2206,3,10,5,3,10,1
39,Yes,Sales,1,42,Male,Sales Representative,4,2086,3,19,6,4,1,0
24,Yes,Research & Development,1,45,Male,Research Scientist,4,2293,3,6,2,2,2,2
43,No,Research & Development,1,46,Female,Research Scientist,3,2645,3,6,3,2,5,1
50,Yes,Sales,1,47,Male,Sales Representative,3,2683,3,3,2,3,3,0
35,No,Sales,1,49,Female,Sales Representative,4,2014,3,2,3,3,2,2
36,No,Research & Development,1,51,Female,Research Scientist,1,3419,3,6,3,4,1,0
33,No,Sales,1,52,Female,Sales Executive,1,5376,3,10,3,3,5,1
35,No,Research & Development,1,53,Male,Laboratory Technician,4,1951,3,1,3,3,1,0
27,No,Research & Development,1,54,Female,Laboratory Technician,1,2341,3,1,6,3,1,0
26,Yes,Research & Development,1,55,Male,Laboratory Technician,3,2293,3,1,2,2,1,0
27,No,Sales,1,56,Male,Sales Executive,3,8726,3,9,0,3,9,1
30,No,Research & Development,1,57,Female,Laboratory Technician,4,4011,4,12,2,3,12,3
41,Yes,Research & Development,1,58,Female,Research Director,3,19545,3,23,0,3,22,15
34,No,Sales,1,60,Male,Sales Executive,3,4568,4,10,2,3,9,8
37,No,Research & Development,1,61,Male,Research Scientist,2,3022,4,8,1,3,1,0
46,No,Sales,1,62,Male,Sales Executive,4,5772,4,14,4,3,9,0
35,No,Research & Development,1,63,Male,Laboratory Technician,4,2269,3,1,2,3,1,0
48,Yes,Research & Development,1,64,Male,Laboratory Technician,3,5381,3,23,2,3,1,0
28,Yes,Research & Development,1,65,Male,Laboratory Technician,3,3441,3,2,3,2,2,2
44,No,Sales,1,68,Female,Sales Executive,1,5454,4,9,2,2,4,1
35,No,Research & Development,1,70,Male,Healthcare Representative,1,9884,3,10,3,3,4,2
26,No,Sales,1,72,Female,Sales Executive,4,4157,3,5,2,2,2,0
33,No,Research & Development,1,73,Female,Research Director,4,13458,3,15,1,3,15,8
35,No,Sales,1,74,Male,Sales Executive,1,9069,4,9,3,2,9,1
35,No,Research & Development,1,75,Female,Laboratory Technician,1,4014,3,4,3,3,2,2
31,No,Research & Development,1,76,Male,Laboratory Technician,4,5915,4,10,3,2,7,1
37,No,Research & Development,1,77,Male,Manufacturing Director,3,5993,3,7,2,4,7,0
32,No,Research & Development,1,78,Male,Manufacturing Director,4,6162,4,9,3,3,9,7
38,No,Research & Development,1,79,Female,Laboratory Technician,4,2406,3,10,2,3,10,9
50,No,Research & Development,1,80,Female,Research Director,3,18740,3,29,2,2,27,13
59,No,Sales,1,81,Female,Sales Executive,1,7637,3,28,3,2,21,7
36,No,Research & Development,1,83,Female,Healthcare Representative,3,10096,3,17,2,3,17,12
55,No,Research & Development,1,84,Female,Manager,3,14756,3,21,2,3,5,0
36,No,Research & Development,1,85,Male,Manufacturing Director,2,6499,3,6,3,3,6,0
45,No,Research & Development,1,86,Male,Research Scientist,1,9724,3,25,2,3,1,0
35,No,Research & Development,1,88,Male,Research Scientist,1,2194,3,5,2,2,3,1
36,Yes,Research & Development,1,90,Male,Research Scientist,3,3388,3,2,0,2,1,0
59,No,Sales,1,91,Female,Sales Executive,3,5473,3,20,2,2,4,1
29,No,Research & Development,1,94,Male,Research Scientist,2,2703,4,6,3,3,5,0
31,No,Research & Development,1,95,Male,Research Scientist,2,2501,3,1,4,3,1,1
32,No,Research & Development,1,96,Male,Research Scientist,2,6220,3,10,3,3,10,0
36,No,Research & Development,1,97,Female,Laboratory Technician,4,3038,3,5,3,3,1,0
31,No,Research & Development,1,98,Female,Manufacturing Director,4,4424,4,11,2,3,11,1
35,No,Sales,1,100,Male,Sales Executive,1,4312,3,16,2,3,15,2
45,No,Research & Development,1,101,Male,Research Director,1,13245,3,17,3,4,0,0
37,No,Research & Development,1,102,Male,Research Director,3,13664,3,16,3,4,5,0
46,No,Human Resources,1,103,Male,Human Resources,2,5021,4,16,2,3,4,0
30,No,Research & Development,1,104,Male,Laboratory Technician,4,5126,3,10,1,2,10,3
35,No,Research & Development,1,105,Male,Research Scientist,3,2859,3,6,3,3,6,0
55,No,Sales,1,106,Male,Sales Executive,4,10239,3,24,4,3,1,1
38,No,Research & Development,1,107,Female,Research Scientist,4,5329,3,17,3,3,13,1
34,No,Research & Development,1,110,Male,Manufacturing Director,2,4325,3,5,2,3,5,1
56,No,Research & Development,1,112,Male,Manufacturing Director,4,7260,3,37,3,2,6,0
23,No,Sales,1,113,Male,Sales Representative,1,2322,3,3,3,3,0,0
51,No,Research & Development,1,116,Male,Laboratory Technician,4,2075,4,10,4,3,4,0
30,No,Research & Development,1,117,Male,Healthcare Representative,4,4152,3,11,3,3,11,10
46,Yes,Sales,1,118,Male,Sales Executive,4,9619,3,9,3,3,9,4
40,No,Research & Development,1,119,Male,Healthcare Representative,2,13503,4,22,3,2,22,11
51,No,Sales,1,120,Male,Sales Executive,4,5441,4,11,2,1,10,1
30,No,Sales,1,121,Female,Sales Executive,2,5209,3,11,4,2,11,2
46,No,Research & Development,1,124,Male,Healthcare Representative,1,10673,3,21,5,2,10,9
32,No,Sales,1,125,Male,Sales Executive,3,5010,3,12,0,3,11,5
54,No,Research & Development,1,126,Female,Research Director,3,13549,3,16,5,1,4,0
24,No,Sales,1,128,Female,Sales Executive,3,4999,4,4,2,2,3,0
28,No,Sales,1,129,Male,Sales Executive,3,4221,3,5,3,4,5,0
58,No,Sales,1,131,Male,Sales Executive,3,13872,3,38,1,2,37,1
44,No,Research & Development,1,132,Male,Laboratory Technician,2,2042,3,17,3,4,3,1
37,Yes,Human Resources,1,133,Male,Human Resources,1,2073,4,7,3,3,3,0
32,No,Research & Development,1,134,Male,Research Scientist,1,2956,3,1,2,3,1,0
20,Yes,Research & Development,1,137,Female,Laboratory Technician,4,2926,3,1,5,3,1,1
34,No,Research & Development,1,138,Female,Research Scientist,3,4809,3,16,3,3,16,2
37,No,Research & Development,1,139,Male,Healthcare Representative,4,5163,3,17,2,4,1,0
59,No,Human Resources,1,140,Female,Manager,4,18844,4,30,3,3,3,2
50,No,Research & Development,1,141,Female,Research Director,2,18172,3,28,1,2,8,0
25,Yes,Sales,1,142,Male,Sales Executive,3,5744,3,6,1,3,6,0
25,No,Research & Development,1,143,Male,Research Scientist,4,2889,3,2,2,3,2,2
22,No,Research & Development,1,144,Female,Laboratory Technician,4,2871,3,1,5,3,0,0
51,No,Research & Development,1,145,Female,Healthcare Representative,1,7484,4,23,1,2,13,12
34,Yes,Research & Development,1,147,Male,Laboratory Technician,3,6074,4,9,3,3,9,0
54,No,Human Resources,1,148,Female,Manager,4,17328,3,23,3,3,5,4
24,No,Research & Development,1,150,Male,Laboratory Technician,3,2774,3,6,2,3,5,1
34,No,Research & Development,1,151,Female,Research Scientist,2,4505,3,12,3,3,1,0
37,No,Sales,1,152,Male,Sales Executive,4,7428,3,12,3,3,5,1
34,No,Research & Development,1,153,Female,Manager,1,11631,3,14,6,3,11,5
36,No,Sales,1,154,Female,Sales Executive,4,9738,3,10,6,3,9,2
36,No,Research & Development,1,155,Female,Laboratory Technician,4,2835,4,7,2,3,1,0
43,No,Sales,1,158,Male,Manager,4,16959,3,25,3,4,25,4
30,No,Research & Development,1,159,Male,Research Scientist,3,2613,4,10,2,2,10,0
33,No,Sales,1,160,Male,Sales Executive,2,6146,3,8,2,4,7,0
56,Yes,Research & Development,1,161,Female,Research Scientist,2,4963,3,7,2,3,5,4
51,No,Research & Development,1,162,Male,Research Director,3,19537,3,23,5,3,20,15
31,Yes,Sales,1,163,Male,Sales Executive,3,6172,3,12,3,2,7,7
26,No,Research & Development,1,164,Female,Research Scientist,2,2368,3,5,3,2,5,4
58,Yes,Research & Development,1,165,Female,Healthcare Representative,4,10312,3,40,3,2,40,15
19,Yes,Sales,1,167,Male,Sales Representative,3,1675,3,0,2,2,0,0
22,No,Research & Development,1,169,Male,Laboratory Technician,4,2523,3,3,2,3,2,2
49,No,Research & Development,1,170,Female,Manufacturing Director,1,6567,3,16,2,2,15,5
43,No,Research & Development,1,171,Female,Research Scientist,3,4739,3,18,2,3,3,1
50,No,Sales,1,174,Female,Sales Executive,4,9208,3,16,3,3,2,2
31,Yes,Sales,1,175,Female,Sales Executive,3,4559,3,4,2,3,2,2
41,No,Sales,1,176,Male,Sales Executive,3,8189,3,12,2,3,9,0
26,No,Human Resources,1,177,Female,Human Resources,3,2942,4,8,3,3,8,5
36,No,Research & Development,1,178,Male,Manufacturing Director,2,4941,4,7,0,3,3,0
51,Yes,Research & Development,1,179,Male,Manufacturing Director,4,10650,3,18,2,3,4,0
39,No,Sales,1,182,Female,Sales Executive,3,5902,3,17,1,4,15,5
25,No,Sales,1,183,Male,Sales Executive,3,8639,3,6,3,3,2,2
30,No,Human Resources,1,184,Male,Human Resources,4,6347,3,12,2,1,11,4
32,Yes,Research & Development,1,190,Female,Laboratory Technician,1,4200,4,10,2,4,5,0
45,No,Research & Development,1,192,Male,Research Scientist,4,3452,3,9,2,2,6,0
38,No,Research & Development,1,193,Female,Research Scientist,3,4317,4,19,2,3,3,2
30,No,Research & Development,1,194,Female,Research Scientist,3,2632,3,5,4,2,5,0
32,No,Sales,1,195,Male,Sales Executive,4,4668,3,9,2,4,8,0
30,No,Research & Development,1,197,Female,Research Scientist,1,3204,3,8,3,3,3,2
30,No,Research & Development,1,198,Male,Laboratory Technician,4,2720,3,6,3,3,5,1
41,No,Research & Development,1,199,Male,Manager,1,17181,3,21,2,2,7,7
41,No,Research & Development,1,200,Male,Laboratory Technician,1,2238,4,7,2,3,5,1
19,No,Research & Development,1,201,Female,Laboratory Technician,2,1483,3,1,3,3,1,0
